SupplierName,SupplierLocation,SupplierContact,SupplierID
"Rodriguez, Winters and Perez",Irwinhaven,6538306661,1
Lawson-Wilkins,Calderonchester,null,2
Lee-Miller,South Emilyview,+1-588-750-7646,3
Soto-Rivera,West Denise,805-650-6257x5876,4
Campos-Murillo,Lawsontown,822-222-4939,5
"Wagner, Jackson and Holt",Port Sarahview,+1-362-752-2777x1817,6
White and Sons,West Scott,288-572-7043,7
Brown-Miller,Seanfort,(502)758-2166,8
"Colon, Palmer and Welch",Antonioshire,230-757-6575x898,9
"Mack, Wright and Mclaughlin",Alexandrachester,856-399-9995x715,10
Roman-Chambers,Dennischester,001-324-909-1637x2831,11
"Mathis, Olson and Ryan",Herreraland,(906)306-1777x264,12
"Mathis, Olson and Ryan",Herreraland,null,13
Peck Group,West Lindafurt,+1-838-976-6137,14
Lawson-Wilkins,Calderonchester,(277)930-2705x3206,15
"Ramirez, Hicks and Lara",Dustinmouth,null,16
Smith PLC,Lake Candiceton,459-301-8580,17
"Gilbert, Miller and Lee",Lake Juanland,+1-619-677-8121x28226,18
Higgins and Sons,West Johnbury,230-568-4141,19
King-Rodriguez,South Lindatown,null,20
King-Rodriguez,South Lindatown,7724600682,21
Lee-Miller,South Emilyview,null,22
Randall-Ballard,Popeport,933.564.7029x6917,23
"Ramirez, Hicks and Lara",Dustinmouth,853-738-3918,24
"Thornton, Jackson and Gray",Leslieville,001-575-242-3572x740,25
"Colon, Palmer and Welch",Antonioshire,null,26
"Wagner, Jackson and Holt",Port Sarahview,null,27
Brown-Miller,Seanfort,null,28
Peck Group,West Lindafurt,null,29
White and Sons,West Scott,null,30
"Mack, Wright and Mclaughlin",Alexandrachester,null,31
"Thornton, Jackson and Gray",Leslieville,null,32
Roman-Chambers,Dennischester,null,33
"Gilbert, Miller and Lee",Lake Juanland,null,34
Randall-Ballard,Popeport,null,35
Campos-Murillo,Lawsontown,null,36
"Rodriguez, Winters and Perez",Irwinhaven,null,37
Smith PLC,Lake Candiceton,null,38
Higgins and Sons,West Johnbury,null,39
Soto-Rivera,West Denise,null,40
